date,en,zh,lat,lon,mode,duration,Note,,,
Day 0 (Sun),,,,,,,,,,
31/10/2026 19:00,Taoyuan International airport,桃园机场 T2,25.08131882,121.2312958,,,,,,
31/10/2026 19:30,Taipei Station,台北车站,25.04793767,121.5170236,mrt,40 mins,T2 A13 ,,,
31/10/2026 21:00,  Hotel,酒店,25.05288364,121.5341294,mrt,10 mins,G Beimen - Nanjing- 2 stops,,,
31/10/2026 21:30,Ningxia Night Market, 宁夏夜市,25.05676776,121.5153708,mrt,15 mins,Bus 306/G Nanjing-Zhongshan; walking around and dinner ,,,
31/10/2026 22:00,  Hotel,酒店,25.05288364,121.5341294,bus,15 mins,Bus 306,,,
,,,,,,,,,,
Day 1 （01 Nov）- Taipei,,,,,,,,,,
01/11/2026 09:00,  Hotel,酒店,25.05288364,121.5341294,,,,,,
01/11/2026 09:30,Dihua Street,迪化街,25.056631,121.51034,mrt,20 mins,Bus 306/G Nanjing-Zhongshan,,,
01/11/2026 11:30,Chiang Kai-Shek Shilin Residence,士林官邸正館,25.09450861,121.5323672,bus,40 mins,Bus 304 Chongqing N. from Yanping Station 1 (Nanjing) to Fu Lin Elementary School,,,
01/11/2026 13:30,National Palace Museum,國立故宮博物院,25.102355,121.548491,bus,20 mins,304 Chongqing N；255 Shuttle Bus； 815,,,
01/11/2026 17:00,Beitou public Hotspring,北投公園溫泉浴池,25.13690768,121.5083871,bus,60 mins,"BeihuanML/255/815/957 from Gugong Rd Inresection to Shilin Station, change Chengde ML; 645 from GG Rd Intersec. To Yongming Police Station, change 223;  ",,,
01/11/2026 19:30,Shilin Night Market,士林夜市,25.087823,121.524183,bus,40 mins,Bus 218/Shuttle Chengde Main line from Beitou Park to Jiantan Station   ,,,
01/11/2026 21:00,  Hotel,酒店,25.05288364,121.5341294,bus,30 mins,Shuttle Chengde Main line from Jiantan Station to Songjiang Nanjing Station; walking around and dinner ,,,
,,,,,,,,,,
,,,,,,,,,,
"Day 2 （03 Nov）- Taipei, take CTRip group transport for all venues, cost/person",, ,,,,,,,,
02/11/2026 08:00,  Hotel,酒店,25.05288364,121.5341294,,,,,,
02/11/2026 08:30,Taipei Station,台北车站,25.04793767,121.5170236,mrt,10 mins,G Nanjing-Beimen 2 stops,,,
02/11/2026 11:20,Yehliu GeoPark,野柳地质公园,25.20613283,121.6906522,bus,60 mins,,,,
02/11/2026 12:30,Shifen Waterfall,十分瀑布,25.04743854,121.7828837,bus,45 mins,,,,
02/11/2026 13:30,Shifen Old Street,十分老街,25.043063,121.776652,walk,10 mins,,,,
02/11/2026 15:00,Houtong Village ,猴洞,25.08724753,121.8282265,train,25 mins,,,,
02/11/2026 16:00,Jiufen Old Street,九份老街,25.109887,121.845183,bus,30 mins,,,,
02/11/2026 19:30,Taipei Station,台北车站,25.04793767,121.5170236,bus,90 mins,,,,
,,,,,,,,,,
Day 3 （03 Nov）- Taipei,,,,,,,,,,
03/11/2026 10:00,  Hotel,酒店,25.05288364,121.5341294,,,,,,
03/11/2026 10:15,Chiang Kai-shek Memorial Hall,中正紀念堂,25.03471,121.521733,mrt,20 mins, O Nanjing-Dongmen 2 stops,,,
03/11/2026 12:30,Lungshan Temple,艋舺龍山寺,25.036785,121.499946,mrt,25 mins,R Memorial Hall-Ximen (2 stops) change to BL to Lungshan (1 stop),,,
03/11/2026 14:00,Ximending Walking District,西門町徒步區,25.042389,121.506456,walk,17 mins,1.4 km,,,
03/11/2026 16:30,Taipei 101,台北101,25.033964,121.564468,mrt,35 mins, BL Ximen City Hall  7 stops+walking 1.3 km,,,
03/11/2026 18:30,Songshan Raohe Night Market,饒河街觀光夜市,25.050891,121.577546,bus,17 mins,Bus 32 from Songshan Station(Songlong) - Xinyi Songren Rd. Intersection; walking around and dinner ,,,
03/11/2026 18:30,  Hotel,酒店,25.05288364,121.5341294,mrt,20 mins,G Songshan - Nanjing,,,
,,,,,,,,,,
Day 4 （04 Nov）- Sun Moon Lake,,,,,,,,,,
04/11/2026 07:15,  Hotel,酒店,25.05288364,121.5341294,,,,,,
04/11/2026 07:40,HSR Taipei,HSR台北,25.04793767,121.5170236,mrt,10 mins,9-mins by G Nanjing-Beimen 2 stops,,,
04/11/2026 08:45,HSR Taichung,HSR台中,24.11320035,120.6161611,train,60 mins,take 7:40-8:20 HSR train; booking in advance REQUIRED!,,,
04/11/2026 08:45,Sun Moon Lake,日月潭,23.86479254,120.9105436,bus,90 mns,Bus 6670 HSR Taichung Station to Sun Moon Lake,,,
04/11/2026 10:30,"Shui She, Sun Moon Lake (visitor center and Hotel)","日月潭水社,旅馆住宿",23.86479254,120.9105436,walk,5 mins,,,,
04/11/2026 11:00,Xuanguang Temple,玄光寺,23.85254974,120.9135444,boat,10 mins,buy day pass at visitor center,,,
04/11/2026 11:45,Ita Thao Old street,伊達邵老街,23.84827071,120.9313493,boat,10 mins,by boat,,,
04/11/2026 13:30,Sun Moon Lake Ropeway Station,日月潭纜車,23.85225665,120.934737,walk,30 mins,walk to take round trip by cable car,,,
04/11/2026 14:30,Wenwu Temple,日月潭文武廟,23.87111835,120.9274616,bus,15 mins,by bus 6669(A) from Ropeway Station,,,
04/11/2026 16:00,"Shui She, Sun Moon Lake (visitor center and Hotel)","日月潭水社,旅馆住宿",23.86479254,120.9105436,bus,15 mins,by bus 6669(A) from Ropeway Station,,,
04/11/2026 16:30,Xiangshan Visitor Center,向山遊客中心,23.85211096,120.9022388,bus,10 mins,"change to bus 6289, 6289A 6668, or bike",,,
04/11/2026 18:00,"Shui She, Sun Moon Lake (visitor center and Hotel)","日月潭水社,旅馆住宿",23.86479254,120.9105436,bus,10 mins,,,,
,,,,,,,,,,
Day 5 （05 Nov）- Alishan,,,,,,,,,,
05/11/2026 08:00,Bus 6739 Sun Moon Lake to Alishan,公车日月潭去阿里山,23.86479254,120.9105436,,,,,,
05/11/2026 11:00,Alishan bus station,阿里山公交站,23.50828578,120.8014323,bus,,booking in advance REQUIRED!,,,
05/11/2026 11:45,Alishan visitor centre,阿里山遊客中心,23.51145331,120.8036195,walk,,hotel is nearby. STORE luggage at hotel. Lunch,,,
05/11/2026 11:45,Alishan railway station,阿里山火车站,23.51007726,120.8042778,walk,,buy return train tickets to Chushan railway station for next morning Sunrise ,,,
05/11/2026 12:45,Sister pond via Chaoping,姐妹潭（走沼平）,23.51929338,120.8141211,trail,35 mins,buy tomorrow train ticket to Zhushan for watching sunrise  ,,,
05/11/2026 13:15,Alishan Shouzhen Temple,阿里山受鎮宮,23.51775359,120.8107362,trail,15 mins,,,,
05/11/2026 13:45,Suspension bridge,阿里山吊橋,23.51718163,120.809691,trail,5 mins,,,,
05/11/2026 14:15,Thousand Year Cypress,千歲檜神木,23.51695677,120.808936,trail,5 mins,,,,
05/11/2026 14:45,Xianglin Giant Tree,香林神木,23.51740486,120.8081251,trail,5 mins,,,,
05/11/2026 15:15,Ciyun Temple,阿里山慈雲寺,23.51729664,120.8076611,trail,5 mins,,,,
05/11/2026 15:45,Ciyun Temple Scenery,慈雲觀景,23.51620957,120.8081814,trail,10 mins,,,,
05/11/2026 16:30,Alishan visitor centre,阿里山遊客中心,23.51145331,120.8036195,trail,25 mins,,,,
,,,,,,,,,,
Day 6 （06 Nov）- Alishan to Chiayi and then to Kaohsiung,,,,,,,,,,
06/11/2026 05:30,Alishan visitor centre,阿里山遊客中心,23.51133148,120.8035542,,,,,,
06/11/2026 05:35,Alishan railway station,阿里山火车站,23.51007726,120.8042778,walk,5 mins,,,,
06/11/2026 05:55,Chushan railway station,祝山观景台,23.51038326,120.8231008,train,25 mins,,,,
06/11/2026 07:00,Alishan visitor centre,阿里山遊客中心,23.51133148,120.8035542,train,25 mins,,,,
06/11/2026 09:10, Alishan Bus Station,阿里山公交站,23.50828525,120.8014265,walk,5 mins,,,,
06/11/2026 15:30,TRA train station Chiayi,嘉义火车站,23.47960904,120.4412017,bus,180 mins,Bus 7322(C),,,
06/11/2026 19:30,TRA Kaohsiung Station,高雄火车站,22.63948418,120.3026264,train,90 mins,Book TRA train to Kaohsiung. booking in advance REQUIRED!,,,
06/11/2026 20:00, Kaohsiung Hotel,高雄酒店,22.63642874,120.3026638,mrt,10 mins,,,,
06/11/2026 20:30,Liouhe Night Market,六合國際觀光夜市,22.63241095,120.2991881,walk,15 mns,walking around and dinner ,,,
,,,,,,,,,,
Day 7 （07 Nov）- Kaohsiung,,,,,,,,,,
07/11/2026 09:30, Kaohsiung Hotel,高雄酒店,22.63642874,120.3026638,,,,,,
07/11/2026 10:00,Formosa Boulevard Station,美麗島站/光之穹頂,22.63138731,120.3019417,walk,10 mins,take photos,,,
07/11/2026 10:15,Sanfeng Temple,三鳳宮,22.63655725,120.2940658,bus,15 mins,,,,
07/11/2026 11:00,Lotus Pond & Pagodas,"蓮池潭, 龍虎塔",22.68130379,120.2924869,bus,40 mins,Bus 205 zhonghua main line,,,
07/11/2026 14:00,Pier-2 Art Center,駁二藝術特區,22.6203384,120.278594,bus,45 mins,Bus 219A to Hamasen Station and then walk to the next,,,
07/11/2026 15:30,Qijin Island,旗津岛 ,22.61358096,120.2686698,boat,15 mins,ferry from Hamasen Feeder to the next,,,（高雄燈塔 (Kaohsiung Lighthouse， 旗後砲台 (Cihou Fort)， 彩虹教堂 (Rainbow Church)， 鼓山輪渡站 (Gushan Ferry Pier)）
07/11/2026 14:00,Pier-2 Art Center,駁二藝術特區,22.6203384,120.278594,boat,15 mins,ferry back and  take Y->R lines to the next,,,
07/11/2026 19:00,Ruifeng Night Market,瑞豐夜市,22.66627928,120.2996278,mrt,35 mins,ferry from Hamasen Feeder to the next,,,
07/11/2026 09:30, Kaohsiung Hotel,高雄酒店,22.63642874,120.3026638,mrt,25 min,R lines to the next,,,
,,,,,,,,,,
Day 8 （08 Nov）- Kaohsiung to Xian,,,,,,,,,,
08/11/2026 08:00, Kaohsiung Hotel,高雄酒店,22.63642874,120.3026638,,,,,,
08/11/2026 08:30, Kaohsiung Airport,高雄机场,22.57781762,120.3472298,mrt,25 mins,R line from Kaohsiung Station to airport,,,
,,,,,,,,,,
,,,,Total,,,,,,
