date,en,zh,lat,lon,NT$-New Taiwan Dollars,¥-RMB,£ (Pound),mode,duration,Note,url,,,
Day 0 (31 Oct),,,,,,,,,,,,,,
31/10/2026 19:00,Taoyuan International airport,桃园机场 T2,25.08131882,121.2312958,172,36,4,,,,https://www.taoyuan-airport.com,,,
31/10/2026 19:30,Taipei Station,台北车站,25.04793767,121.5170236,20,4,0.5,mrt,40 mins,T2 A13 ,https://www.railway.gov.tw/tra-tip-web/tip,,,
31/10/2026 21:00,  Hotel,酒店,25.05288364,121.5341294,,,,mrt,10 mins,G Beimen - Nanjing- 2 stops,https://www.booking.com/hotel/tw/.html,,,
31/10/2026 21:30,Ningxia Night Market, 宁夏夜市,25.05676776,121.5153708,,,,mrt,15 mins,Bus 306/G Nanjing-Zhongshan; walking around and dinner ,https://share.google/aimode/xdQPctnZD4hPriIrF,,,
31/10/2026 22:00,  Hotel,酒店,25.05288364,121.5341294,,,,bus,15 mins,Bus 306,https://www.booking.com/hotel/tw/.html,,,
,,,,,,,,,,,,,,
Day 1 （01 Nov）- Taipei,,,,,,,,,,,,,,
01/11/2026 09:00,  Hotel,酒店,25.05288364,121.5341294,,,,,,,https://www.booking.com/hotel/tw/.html,,,
01/11/2026 09:30,Dihua Street,迪化街,25.056631,121.51034,15,3,0.3,mrt,20 mins,Bus 306/G Nanjing-Zhongshan,https://share.google/aimode/lyzrKiIF0wHYKyhVd,,,
01/11/2026 11:30,Chiang Kai-Shek Shilin Residence,士林官邸正館,25.09450861,121.5323672,100,21,2.3,bus,40 mins,Bus 304 Chongqing N. from Yanping Station 1 (Nanjing) to Fu Lin Elementary School,https://share.google/aimode/IFJOjnRytHS0nwGxs,,,
01/11/2026 13:30,National Palace Museum,國立故宮博物院,25.102355,121.548491,350,74,8.1,bus,20 mins,304 Chongqing N；255 Shuttle Bus； 815,https://share.google/aimode/SBspUWhCQllhyZ0eT,,,
01/11/2026 17:00,Beitou public Hotspring,北投公園溫泉浴池,25.13690768,121.5083871,75,16,1.7,bus,60 mins,"BeihuanML/255/815/957 from Gugong Rd Inresection to Shilin Station, change Chengde ML; 645 from GG Rd Intersec. To Yongming Police Station, change 223;  ",https://share.google/aimode/STeqeX1F1Oy8gZFLq,,,
01/11/2026 19:30,Shilin Night Market,士林夜市,25.087823,121.524183,0,0,0,bus,40 mins,Bus 218/Shuttle Chengde Main line from Beitou Park to Jiantan Station   ,https://share.google/aimode/YJCSxnQhJ7uqhdIbJ,,,
01/11/2026 21:00,  Hotel,酒店,25.05288364,121.5341294,,0,0,bus,30 mins,Shuttle Chengde Main line from Jiantan Station to Songjiang Nanjing Station; walking around and dinner ,https://www.booking.com/hotel/tw/.html,,,
,,,,,,,,,,,,,,
,,,,,,,,,,,,,,
"Day 2 （03 Nov）- Taipei, take CTRip group transport for all venues, cost/person",, ,,,684,144,15.9,,,,,,,
02/11/2026 08:00,  Hotel,酒店,25.05288364,121.5341294,,,,,,,https://www.booking.com/hotel/tw/.html,,,
02/11/2026 08:30,Taipei Station,台北车站,25.04793767,121.5170236,20,4,0.5,mrt,10 mins,G Nanjing-Beimen 2 stops,https://www.railway.gov.tw/tra-tip-web/tip,,,
02/11/2026 11:20,Yehliu GeoPark,野柳地质公园,25.20613283,121.6906522,120,25,2.8,bus,60 mins,,https://share.google/aimode/SFDm9p6O69dD7NHpv,,,
02/11/2026 12:30,Shifen Waterfall,十分瀑布,25.04743854,121.7828837,0,0,0,bus,45 mins,,https://share.google/aimode/ryIWxqcQjxCRouCzr,,,
02/11/2026 13:30,Shifen Old Street,十分老街,25.043063,121.776652,0,0,0,walk,10 mins,,https://share.google/aimode/WtGlIcJv3m3hvCl7o,,,
02/11/2026 15:00,Houtong Village ,猴洞,25.08724753,121.8282265,0,0,0,train,25 mins,,https://share.google/aimode/IuZBoIiSRft8GChZh,,,
02/11/2026 16:00,Jiufen Old Street,九份老街,25.109887,121.845183,0,0,0,bus,30 mins,,https://share.google/aimode/HbzbZAeACb4KPsRHS,,,
02/11/2026 19:30,Taipei Station,台北车站,25.04793767,121.5170236,,,0,bus,90 mins,,https://www.railway.gov.tw/tra-tip-web/tip,,,
,,,,,,,,,,,,,,
Day 3 （03 Nov）- Taipei,,,,,,,,,,,,,,
03/11/2026 10:00,  Hotel,酒店,25.05288364,121.5341294,,,,,,,https://www.booking.com/hotel/tw/.html,,,
03/11/2026 10:15,Chiang Kai-shek Memorial Hall,中正紀念堂,25.03471,121.521733,20,4,0.5,mrt,20 mins, O Nanjing-Dongmen 2 stops,https://share.google/aimode/uox86I5mxecTS8vBw,,,
03/11/2026 12:30,Lungshan Temple,艋舺龍山寺,25.036785,121.499946,0,0,0,mrt,25 mins,R Memorial Hall-Ximen (2 stops) change to BL to Lungshan (1 stop),https://share.google/aimode/b1261x8cn4Cr9EfbE,,,
03/11/2026 14:00,Ximending Walking District,西門町徒步區,25.042389,121.506456,0,0,0,walk,17 mins,1.4 km,https://share.google/aimode/ZVZCMUzXyJbuL4091,,,
03/11/2026 16:30,Taipei 101,台北101,25.033964,121.564468,600,126,14,mrt,35 mins, BL Ximen City Hall  7 stops+walking 1.3 km,https://share.google/aimode/8jRJ0gY3sNVC57Xqp,,,
03/11/2026 18:30,Songshan Raohe Night Market,饒河街觀光夜市,25.050891,121.577546,40,8,0.9,bus,17 mins,Bus 32 from Songshan Station(Songlong) - Xinyi Songren Rd. Intersection; walking around and dinner ,https://share.google/aimode/pjpIkAvmx3Zio0ESO,,,
03/11/2026 18:30,  Hotel,酒店,25.05288364,121.5341294,,,,mrt,20 mins,G Songshan - Nanjing,https://www.booking.com/hotel/tw/.html,,,
,,,,,,,,,,,,,,
Day 4 （04 Nov）- Sun Moon Lake,,,,,,,,,,,,,,
04/11/2026 07:15,  Hotel,酒店,25.05288364,121.5341294,,,,,,,https://www.booking.com/hotel/tw/.html,,,
04/11/2026 07:40,HSR Taipei,HSR台北,25.04793767,121.5170236,20,4,0.5,mrt,10 mins,9-mins by G Nanjing-Beimen 2 stops,https://www.railway.gov.tw/tra-tip-web/tip,,,
04/11/2026 08:45,HSR Taichung,HSR台中,24.11320035,120.6161611,675,142,15.7,train,60 mins,take 7:40-8:20 HSR train; booking in advance REQUIRED!,https://share.google/aimode/rbtsN74XTb6rl0iEP,,,
04/11/2026 08:45,Sun Moon Lake,日月潭,23.86479254,120.9105436,198,42,4.6,bus,90 mns,Bus 6670 HSR Taichung Station to Sun Moon Lake,https://share.gemini.google/gNVRZqx3leaj ,,,
04/11/2026 10:30,"Shui She, Sun Moon Lake (visitor center and Hotel)","日月潭水社,旅馆住宿",23.86479254,120.9105436,650,137,15.1,walk,5 mins,,https://share.gemini.google/gNVRZqx3leaj ,,,
04/11/2026 11:00,Xuanguang Temple,玄光寺,23.85254974,120.9135444,,,,boat,10 mins,buy day pass at visitor center,https://share.gemini.google/gNVRZqx3leaj ,,,
04/11/2026 11:45,Ita Thao Old street,伊達邵老街,23.84827071,120.9313493,,,,boat,10 mins,by boat,https://share.gemini.google/gNVRZqx3leaj ,,,
04/11/2026 13:30,Sun Moon Lake Ropeway Station,日月潭纜車,23.85225665,120.934737,,,,walk,30 mins,walk to take round trip by cable car,https://share.gemini.google/gNVRZqx3leaj ,,,
04/11/2026 14:30,Wenwu Temple,日月潭文武廟,23.87111835,120.9274616,,,,bus,15 mins,by bus 6669(A) from Ropeway Station,https://share.gemini.google/gNVRZqx3leaj ,,,
04/11/2026 16:00,"Shui She, Sun Moon Lake (visitor center and Hotel)","日月潭水社,旅馆住宿",23.86479254,120.9105436,,,,bus,15 mins,by bus 6669(A) from Ropeway Station,https://share.gemini.google/gNVRZqx3leaj ,,,
04/11/2026 16:30,Xiangshan Visitor Center,向山遊客中心,23.85211096,120.9022388,,,,bus,10 mins,"change to bus 6289, 6289A 6668, or bike",https://share.gemini.google/gNVRZqx3leaj ,,,
04/11/2026 18:00,"Shui She, Sun Moon Lake (visitor center and Hotel)","日月潭水社,旅馆住宿",23.86479254,120.9105436,,,,bus,10 mins,,,,,
,,,,,,,,,,,,,,
Day 5 （05 Nov）- Alishan,,,,,,,,,,,,,,
05/11/2026 08:00,Bus 6739 Sun Moon Lake to Alishan,公车日月潭去阿里山,23.86479254,120.9105436,,,,,,,,,,
05/11/2026 11:00,Alishan bus station,阿里山公交站,23.50828578,120.8014323,292,61,6.8,bus,,booking in advance REQUIRED!,https://share.gemini.google/BrXlA3giyWh7,,,
05/11/2026 11:45,Alishan visitor centre,阿里山遊客中心,23.51145331,120.8036195,,,,walk,,hotel is nearby. STORE luggage at hotel. Lunch,https://afrch.forest.gov.tw/,,,
05/11/2026 11:45,Alishan railway station,阿里山火车站,23.51007726,120.8042778,150,32,3.5,walk,,buy return train tickets to Chushan railway station for next morning Sunrise ,,,,
05/11/2026 12:45,Sister pond via Chaoping,姐妹潭（走沼平）,23.51929338,120.8141211,,,,trail,35 mins,buy tomorrow train ticket to Zhushan for watching sunrise  ,https://share.gemini.google/BrXlA3giyWh7,,,
05/11/2026 13:15,Alishan Shouzhen Temple,阿里山受鎮宮,23.51775359,120.8107362,,,,trail,15 mins,,https://share.gemini.google/BrXlA3giyWh7,,,
05/11/2026 13:45,Suspension bridge,阿里山吊橋,23.51718163,120.809691,,,,trail,5 mins,,https://share.gemini.google/BrXlA3giyWh7,,,
05/11/2026 14:15,Thousand Year Cypress,千歲檜神木,23.51695677,120.808936,,,,trail,5 mins,,https://share.gemini.google/BrXlA3giyWh7,,,
05/11/2026 14:45,Xianglin Giant Tree,香林神木,23.51740486,120.8081251,,,,trail,5 mins,,https://share.gemini.google/BrXlA3giyWh7,,,
05/11/2026 15:15,Ciyun Temple,阿里山慈雲寺,23.51729664,120.8076611,,,,trail,5 mins,,https://share.gemini.google/BrXlA3giyWh7,,,
05/11/2026 15:45,Ciyun Temple Scenery,慈雲觀景,23.51620957,120.8081814,,,,trail,10 mins,,https://share.gemini.google/BrXlA3giyWh7,,,
05/11/2026 16:30,Alishan visitor centre,阿里山遊客中心,23.51145331,120.8036195,,,,trail,25 mins,,,,,
,,,,,,,,,,,,,,
Day 6 （06 Nov）- Alishan to Chiayi and then to Kaohsiung,,,,,,,,,,,,,,
06/11/2026 05:30,Alishan visitor centre,阿里山遊客中心,23.51133148,120.8035542,,,,,,,,,,
06/11/2026 05:35,Alishan railway station,阿里山火车站,23.51007726,120.8042778,,,,walk,5 mins,,https://share.google/aimode/LZ47195GzAIwuF6Sr,,,
06/11/2026 05:55,Chushan railway station,祝山观景台,23.51038326,120.8231008,,,,train,25 mins,,https://share.google/aimode/LZ47195GzAIwuF6Sr,,,
06/11/2026 07:00,Alishan visitor centre,阿里山遊客中心,23.51133148,120.8035542,,,,train,25 mins,,,,,
06/11/2026 09:10, Alishan Bus Station,阿里山公交站,23.50828525,120.8014265,,,,walk,5 mins,,https://share.google/aimode/RU7lH5s3s72mN844E,,,
06/11/2026 15:30,TRA train station Chiayi,嘉义火车站,23.47960904,120.4412017,240,51,5.6,bus,180 mins,Bus 7322(C),https://share.google/aimode/wh5r25NPjJB55yfQk,,,
06/11/2026 19:30,TRA Kaohsiung Station,高雄火车站,22.63948418,120.3026264,387,81,9,train,90 mins,Book TRA train to Kaohsiung. booking in advance REQUIRED!,https://share.google/aimode/wh5r25NPjJB55yfQk,,,
06/11/2026 20:00, Kaohsiung Hotel,高雄酒店,22.63642874,120.3026638,,,,mrt,10 mins,,,,,
06/11/2026 20:30,Liouhe Night Market,六合國際觀光夜市,22.63241095,120.2991881,,,,walk,15 mns,walking around and dinner ,https://share.google/aimode/V2lgy0AUgkGROb9E9,,,
,,,,,,,,,,,,,,
Day 7 （07 Nov）- Kaohsiung,,,,,,,,,,,,,,
07/11/2026 09:30, Kaohsiung Hotel,高雄酒店,22.63642874,120.3026638,,,,,,,,,,
07/11/2026 10:00,Formosa Boulevard Station,美麗島站/光之穹頂,22.63138731,120.3019417,,,,walk,10 mins,take photos,https://share.google/aimode/GafoiZDz9NpdUTTQE,,,
07/11/2026 10:15,Sanfeng Temple,三鳳宮,22.63655725,120.2940658,15,3,0.3,bus,15 mins,,https://share.google/aimode/CcDRUb12wOuV5bKb8,,,
07/11/2026 11:00,Lotus Pond & Pagodas,"蓮池潭, 龍虎塔",22.68130379,120.2924869,,,,bus,40 mins,Bus 205 zhonghua main line,https://share.google/aimode/yy0SC9al9cu5KsyIF,,,
07/11/2026 14:00,Pier-2 Art Center,駁二藝術特區,22.6203384,120.278594,,,,bus,45 mins,Bus 219A to Hamasen Station and then walk to the next,https://share.google/aimode/pc37YiZQHOhIlW5cx,,,
07/11/2026 15:30,Qijin Island,旗津岛 ,22.61358096,120.2686698,,,,boat,15 mins,ferry from Hamasen Feeder to the next,https://share.google/aimode/fInJQzz6IK1nQim6x,,,（高雄燈塔 (Kaohsiung Lighthouse， 旗後砲台 (Cihou Fort)， 彩虹教堂 (Rainbow Church)， 鼓山輪渡站 (Gushan Ferry Pier)）
07/11/2026 14:00,Pier-2 Art Center,駁二藝術特區,22.6203384,120.278594,,,,boat,15 mins,ferry back and  take Y->R lines to the next,,,,
07/11/2026 19:00,Ruifeng Night Market,瑞豐夜市,22.66627928,120.2996278,,,,mrt,35 mins,ferry from Hamasen Feeder to the next,https://share.google/aimode/drP8Z6JoCjyMxxrQ4,,,
07/11/2026 09:30, Kaohsiung Hotel,高雄酒店,22.63642874,120.3026638,,,,mrt,25 min,R lines to the next,,,,
,,,,Total,4843,1018,112.6,,,,,,,
Day 8 （08 Nov）- Kaohsiung to Xian,,,,,,,,,,,,,,
08/11/2026 08:00, Kaohsiung Hotel,高雄酒店,22.63642874,120.3026638,,,,,,,,,,
08/11/2026 08:30, Kaohsiung Airport,高雄机场,22.57781762,120.3472298,,,,mrt,25 mins,R line from Kaohsiung Station to airport,https://share.google/aimode/ZaIG1mNqOMIA8Y1Kh,,,
08/11/2026 11:40,Najing Airport,南京禄口国际机场,31.73503,118.87276,,,,flight,4 hours flight + transfer,,,,,
08/11/2026 19:15,XianYang Airport ,咸阳机场,34.45556,108.78003,,,,flight,1 hour ,,,,,
08/11/2026 20:35,55 Shangai Road,新三江源大酒店,34.273159,108.964484,,,,mrt,90 mins,14（北站） +4（五道口）+900m walk,,,,
,,,,,,,,,,,,,,
Day 9 （09 Nov）- Xian,,,,,,,,,,,,,,
09/11/2026 09:15,55 Shangai Road,新三江源大酒店,34.273159,108.964484,,,,,,,,,,
09/11/2026 10:15,Shaanxi History Museum,陕历博 ,34.226161,108.950381,,,,bus,45 mins,"527, 5",,,,
09/11/2026 12:45,Giant Wild Goose Pagoda (Da Ci’en Temple),大雁塔 & 大慈恩寺,34.22063,108.959323,,,,walking ,25 mins,lunch before vising wild goose,,,,
09/11/2026 16:30,Great Tang All Day Light Mall,大唐不夜城,34.215466,108.959216,,,,walking ,15 mins,,,,,
09/11/2026 18:30,furongxilu,芙蓉西路,34.212255,108.964623,,,,walking ,15 mins,,,,,
09/11/2026 19:30,55 Shangai Road,新三江源大酒店,34.273159,108.964484,,,,bus,58 mins,22,,,,
,,,,,,,,,,,,,,
"Day 10 （10 Nov）- 临潼, Terracotta Army & Huaqing Palace",,,,,,,,,,,,,,
10/11/2026 08:15,55 Shangai Road,新三江源大酒店,34.273159,108.964484,,,,,,,,,,
10/11/2026 08:30,5lukou,五路口,34.269945,108.958465,,,,walking,14 mins,,,,,
10/11/2026 09:50,Huaqing Palace,华清宫,34.366232,109.205912,,,,mrt,80 mins,1+9,,,,
10/11/2026 10:30,Emperor Qinshihuang’s Mausoleum Site Museum (Terracotta Army),秦始皇帝陵博物院（兵马俑）,34.391267,109.279633,,,,bus,35 mins,"临潼 602, or 613",,,,
10/11/2026 14:30,Huaqing Palace,华清宫,34.366232,109.205912,,,,bus,35 mins,"临潼 602, or 613",,,,
10/11/2026 17:30,drum and clock towers,钟楼+鼓楼+小吃,34.26106,108.942347,,,,mrt,80 mins,9+1+2 or 9+6,,,,
10/11/2026 18:10,55 Shangai Road,新三江源大酒店,34.273159,108.964484,,,,bus ,35 mins,"4, 11 or 286",,,,
,,,,,,,,,,,,,,
Day 11 （11 Nov）-Xian,,,,,,,,,,,,,,
11/11/2026 10:30,55 Shangai Road,新三江源大酒店,34.273159,108.964484,,,,,,,,,,
11/11/2026 10:45,Xi’an City Wall,中山门/小东门登城,34.26615,108.9662,,,,walking ,15min ,,,,,
11/11/2026 11:45,Yongning Gate (South Gate),永宁门,34.253279,108.942318,,,,walking,60 mins,on the Wall,,,,
11/11/2026 12:10,stone calligraphy,碑林博物馆,34.253762,108.948519,,,,walking,15 mins,,,,,
11/11/2026 12:30,donkey and horse market,骡马市,34.26106,108.942347,,,,walking,15 mins,lunch,,,,
11/11/2026 13:30,culture street,易俗历史文化街,34.262258,108.944265,,,,walking,15 mins,lunch,,,,
11/11/2026 14:40,bell tower,钟楼,34.260976,108.942366,,,,walking,15 mins,,,,,
11/11/2026 15:20,drum tower,鼓楼,34.260976,108.942366,,,,walking,15 mins,,,,,
11/11/2026 16:00,yongxinfang,永兴坊,34.266589,108.965514,,,,bus,30 mins,32,,,,
11/11/2026 17:00,55 Shangai Road,新三江源大酒店,34.273159,108.964484,,,,walking,15 mins,pickup lugges and go to airport,,,,
11/11/2026 17:20,5lukou,五路口,34.269945,108.958465,,,,walking,15 mins,,,,,
11/11/2026 21:30,XianYang Airport ,咸阳机场,34.45556,108.78003,,,,mrt,90 mins,4+14,,,,
11/11/2026 23:40,hongqiao,虹桥机场,31.20025,121.33447,,,,flight,2 hours ,,,,,
11/11/2026 01:20,nanquan beilu,中电大酒店,31.227819,121.51477,,,,taxi,1 hour ,,,,,
,,,,,,,,,,,,,,
Day 12 （12 Nov）- Shanghai,,,,,,,,,,,,,,
12/11/2026 10:00,nanquan beilu,中电大酒店,31.227819,121.51477,,,,,,,,,,
12/11/2026 11:00,shanghai tower,上海中心大厦,31.23569,121.50126,,,,walking,15 mins,云朵书店,,,,
12/11/2026 13:00,Yu Garden,豫园 ,31.229101,121.48797,,,,boat,19 mins,or mrt 14,,,,
12/11/2026 14:00,Temple Complex,城隍庙,31.228009,121.488238,,,,walking,2 mins,,,,,
12/11/2026 18:20,"16 Peir, The Bund",外滩,31.23577,121.4877,,,,walking,15 mins,,,,,
12/11/2026 18:20,The Bund,外滩（北）,31.23886,121.48592,,,,walking,20 mins,,,,,
12/11/2026 20:30,Nanjing Rd,南京路步行街,31.237986,121.476538,,,,walking,12 mins,,,,,
12/11/2026 21:10,nanquan beilu,中电大酒店,31.227819,121.51477,,,,mrt,44 mins,1+2,,,,
,,,,,,,,,,,,,,
Day 13 （13 Nov）- Shanghai,,,,,,,,,,,,,,
13/11/2026 10:00,nanquan beilu,中电大酒店,31.227819,121.51477,,,,,,,,,,
13/11/2026 10:40,bell-book shop,钟书书店,31.18589,121.45229,,,,mrt,39 mins,9 + 7,,,,
13/11/2026 11:30,jin-an temple,静安寺,31.225394,121.440645,,,,mrt,19 mins,7,,,,
13/11/2026 13:40,huashan-wukang croo-road,华山路武康路,31.215205,121.434631,,,,bus,24 mins,548/48/113,,,,
13/11/2026 15:30,wukang building,武康大楼,31.206007,121.43343,,,,walking,40 mins,10,交大站,,,
13/11/2026 16:00,1st CPC Nat. Cong,一大会址，新天地,31.221761,121.471388,,,,mrt,22 mins,1,,,,
13/11/2026 21:30,shanghai circus world,上海马戏城,31.28051,121.44564,,,,mrt,21 mins,1,,,,
13/11/2026 22:00,nanquan beilu,中电大酒店,31.227819,121.51477,,,,mrt,44 mins,1+2,,,,
,,,,,,,,,,,,,,
Day 14 （14 Nov）- Shanghai,,,,,,,,,,,,,,
14/11/2026 10:00,nanquan beilu,中电大酒店,31.227819,121.51477,,,,,,,,,,
14/11/2026 16:00,zhujiajiao beilu,朱家角,31.10571,121.04144,,,,mrt,120 mins,2+17,,,,
14/11/2026 18:00,nanquan beilu,中电大酒店,31.227819,121.51477,,,,mrt,120 mins,17+2,,,,
,,,,,,,,,,,,,,
Day 15 （15 Nov）- Shanghai,,,,,,,,,,,,,,
15/11/2026 06:45,nanquan beilu,中电大酒店,31.227819,121.51477,,,,,,,,,,
15/11/2026 09:20,hongqiao,虹桥机场T2,31.196027,121.321877,,,,mrt,60 mins,14+10,,,,
15/11/2026 13:00,hongqiao,虹桥机场T1,31.19639,121.34172,,,,mrt,30 mins,,,,,
